﻿<?xml version="1.0" encoding="UTF-8"?>
<MetaDataObject xmlns="http://v8.1c.ru/8.3/MDClasses" xmlns:app="http://v8.1c.ru/8.2/managed-application/core" xmlns:cfg="http://v8.1c.ru/8.1/data/enterprise/current-config" xmlns:cmi="http://v8.1c.ru/8.2/managed-application/cmi" xmlns:ent="http://v8.1c.ru/8.1/data/enterprise" xmlns:lf="http://v8.1c.ru/8.2/managed-application/logform" xmlns:style="http://v8.1c.ru/8.1/data/ui/style" xmlns:sys="http://v8.1c.ru/8.1/data/ui/fonts/system" xmlns:v8="http://v8.1c.ru/8.1/data/core" xmlns:v8ui="http://v8.1c.ru/8.1/data/ui" xmlns:web="http://v8.1c.ru/8.1/data/ui/colors/web" xmlns:win="http://v8.1c.ru/8.1/data/ui/colors/windows" xmlns:xen="http://v8.1c.ru/8.3/xcf/enums" xmlns:xpr="http://v8.1c.ru/8.3/xcf/predef" xmlns:xr="http://v8.1c.ru/8.3/xcf/readable" xmlns:xs="http://www.w3.org/2001/XMLSchema" xmlns:xsi="http://www.w3.org/2001/XMLSchema-instance" version="2.8">
	<Task uuid="50d54865-4421-49ac-8591-ffa654d39294">
		<InternalInfo>
			<xr:GeneratedType name="TaskObject.Task1" category="Object">
				<xr:TypeId>8d74f154-9777-4c41-8234-a5aede45e196</xr:TypeId>
				<xr:ValueId>26657d6c-3cc0-4f6a-9242-735ef4208b90</xr:ValueId>
			</xr:GeneratedType>
			<xr:GeneratedType name="TaskRef.Task1" category="Ref">
				<xr:TypeId>ec000ca9-be3b-41e4-8281-b6f85ab864e8</xr:TypeId>
				<xr:ValueId>c5003423-f05f-4b66-9532-6d9f84deda79</xr:ValueId>
			</xr:GeneratedType>
			<xr:GeneratedType name="TaskSelection.Task1" category="Selection">
				<xr:TypeId>be27ba52-15c4-4be2-a26e-8008048ba42b</xr:TypeId>
				<xr:ValueId>763b0611-ffce-4a13-bbef-eccdc647906d</xr:ValueId>
			</xr:GeneratedType>
			<xr:GeneratedType name="TaskList.Task1" category="List">
				<xr:TypeId>c16296d3-2096-4b64-9d61-6f2342e1e1ba</xr:TypeId>
				<xr:ValueId>3e882d75-889c-4ad1-be4b-c42b5b26bf80</xr:ValueId>
			</xr:GeneratedType>
			<xr:GeneratedType name="TaskManager.Task1" category="Manager">
				<xr:TypeId>ab18788b-9b01-4fd9-9d98-0fc5af10bb1c</xr:TypeId>
				<xr:ValueId>1c533be3-e041-477a-9de6-e2d33b93d4b2</xr:ValueId>
			</xr:GeneratedType>
		</InternalInfo>
		<Properties>
			<Name>Task1</Name>
			<Synonym/>
			<Comment/>
			<UseStandardCommands>true</UseStandardCommands>
			<NumberType>String</NumberType>
			<NumberLength>9</NumberLength>
			<NumberAllowedLength>Variable</NumberAllowedLength>
			<CheckUnique>true</CheckUnique>
			<Autonumbering>true</Autonumbering>
			<TaskNumberAutoPrefix>DontUse</TaskNumberAutoPrefix>
			<DescriptionLength>25</DescriptionLength>
			<Addressing/>
			<MainAddressingAttribute/>
			<CurrentPerformer/>
			<BasedOn/>
			<Characteristics/>
			<DefaultPresentation>AsDescription</DefaultPresentation>
			<EditType>InDialog</EditType>
			<InputByString>
				<xr:Field>Task.Task1.StandardAttribute.Description</xr:Field>
				<xr:Field>Task.Task1.StandardAttribute.Number</xr:Field>
			</InputByString>
			<SearchStringModeOnInputByString>Begin</SearchStringModeOnInputByString>
			<FullTextSearchOnInputByString>DontUse</FullTextSearchOnInputByString>
			<ChoiceDataGetModeOnInputByString>Directly</ChoiceDataGetModeOnInputByString>
			<CreateOnInput>DontUse</CreateOnInput>
			<DefaultObjectForm/>
			<DefaultListForm/>
			<DefaultChoiceForm/>
			<AuxiliaryObjectForm/>
			<AuxiliaryListForm/>
			<AuxiliaryChoiceForm/>
			<ChoiceHistoryOnInput>Auto</ChoiceHistoryOnInput>
			<IncludeHelpInContents>false</IncludeHelpInContents>
			<DataLockFields/>
			<DataLockControlMode>Managed</DataLockControlMode>
			<FullTextSearch>Use</FullTextSearch>
			<ObjectPresentation/>
			<ExtendedObjectPresentation/>
			<ListPresentation/>
			<ExtendedListPresentation/>
			<Explanation/>
			<DataHistory>DontUse</DataHistory>
		</Properties>
		<ChildObjects/>
	</Task>
</MetaDataObject>