﻿<?xml version="1.0" encoding="UTF-8"?>
<MetaDataObject xmlns="http://v8.1c.ru/8.3/MDClasses" xmlns:app="http://v8.1c.ru/8.2/managed-application/core" xmlns:cfg="http://v8.1c.ru/8.1/data/enterprise/current-config" xmlns:cmi="http://v8.1c.ru/8.2/managed-application/cmi" xmlns:ent="http://v8.1c.ru/8.1/data/enterprise" xmlns:lf="http://v8.1c.ru/8.2/managed-application/logform" xmlns:style="http://v8.1c.ru/8.1/data/ui/style" xmlns:sys="http://v8.1c.ru/8.1/data/ui/fonts/system" xmlns:v8="http://v8.1c.ru/8.1/data/core" xmlns:v8ui="http://v8.1c.ru/8.1/data/ui" xmlns:web="http://v8.1c.ru/8.1/data/ui/colors/web" xmlns:win="http://v8.1c.ru/8.1/data/ui/colors/windows" xmlns:xen="http://v8.1c.ru/8.3/xcf/enums" xmlns:xpr="http://v8.1c.ru/8.3/xcf/predef" xmlns:xr="http://v8.1c.ru/8.3/xcf/readable" xmlns:xs="http://www.w3.org/2001/XMLSchema" xmlns:xsi="http://www.w3.org/2001/XMLSchema-instance" version="2.8">
	<BusinessProcess uuid="4059be67-a9c9-4e00-9dd1-9affba22dd8d">
		<InternalInfo>
			<xr:GeneratedType name="BusinessProcessObject.BusinessProcess1" category="Object">
				<xr:TypeId>afd9d838-eb67-454a-a8a5-195bf2da1c57</xr:TypeId>
				<xr:ValueId>7bae060e-a2cc-41aa-b119-c63da3447334</xr:ValueId>
			</xr:GeneratedType>
			<xr:GeneratedType name="BusinessProcessRef.BusinessProcess1" category="Ref">
				<xr:TypeId>25a84360-7f4b-41ab-9f35-47f75ddf61cd</xr:TypeId>
				<xr:ValueId>3e00004a-8a68-4e6c-86df-61373f56b9e5</xr:ValueId>
			</xr:GeneratedType>
			<xr:GeneratedType name="BusinessProcessSelection.BusinessProcess1" category="Selection">
				<xr:TypeId>9d9036e6-08d1-4f19-9309-bd0ef0aeb395</xr:TypeId>
				<xr:ValueId>53b3d8f9-7764-4ebb-bacf-6c4640a3f83a</xr:ValueId>
			</xr:GeneratedType>
			<xr:GeneratedType name="BusinessProcessList.BusinessProcess1" category="List">
				<xr:TypeId>fd3642ee-7ef5-4ae7-9097-014cb435dc2a</xr:TypeId>
				<xr:ValueId>f6ba4b0b-6abe-439c-92e2-a9bff3bd9e6c</xr:ValueId>
			</xr:GeneratedType>
			<xr:GeneratedType name="BusinessProcessManager.BusinessProcess1" category="Manager">
				<xr:TypeId>6b07e616-88cf-484a-9b79-8978a95885d2</xr:TypeId>
				<xr:ValueId>633d2eb9-c756-49a5-9146-19dca9fdb972</xr:ValueId>
			</xr:GeneratedType>
			<xr:GeneratedType name="BusinessProcessRoutePointRef.BusinessProcess1" category="RoutePointRef">
				<xr:TypeId>8bf130ed-be91-497f-9b35-b4c711ef4ff4</xr:TypeId>
				<xr:ValueId>7ff8cd67-8bc7-4ea8-a07d-cc023d15e3d3</xr:ValueId>
			</xr:GeneratedType>
		</InternalInfo>
		<Properties>
			<Name>BusinessProcess1</Name>
			<Synonym/>
			<Comment/>
			<UseStandardCommands>true</UseStandardCommands>
			<EditType>InDialog</EditType>
			<InputByString>
				<xr:Field>BusinessProcess.BusinessProcess1.StandardAttribute.Number</xr:Field>
			</InputByString>
			<CreateOnInput>DontUse</CreateOnInput>
			<SearchStringModeOnInputByString>Begin</SearchStringModeOnInputByString>
			<ChoiceDataGetModeOnInputByString>Directly</ChoiceDataGetModeOnInputByString>
			<FullTextSearchOnInputByString>DontUse</FullTextSearchOnInputByString>
			<DefaultObjectForm/>
			<DefaultListForm/>
			<DefaultChoiceForm/>
			<AuxiliaryObjectForm/>
			<AuxiliaryListForm/>
			<AuxiliaryChoiceForm/>
			<ChoiceHistoryOnInput>Auto</ChoiceHistoryOnInput>
			<NumberType>String</NumberType>
			<NumberLength>9</NumberLength>
			<NumberAllowedLength>Variable</NumberAllowedLength>
			<CheckUnique>true</CheckUnique>
			<Characteristics/>
			<Autonumbering>true</Autonumbering>
			<BasedOn/>
			<NumberPeriodicity>Nonperiodical</NumberPeriodicity>
			<Task>Task.Task1</Task>
			<CreateTaskInPrivilegedMode>true</CreateTaskInPrivilegedMode>
			<DataLockFields/>
			<DataLockControlMode>Managed</DataLockControlMode>
			<IncludeHelpInContents>false</IncludeHelpInContents>
			<FullTextSearch>Use</FullTextSearch>
			<ObjectPresentation/>
			<ExtendedObjectPresentation/>
			<ListPresentation/>
			<ExtendedListPresentation/>
			<Explanation/>
			<DataHistory>DontUse</DataHistory>
		</Properties>
		<ChildObjects/>
	</BusinessProcess>
</MetaDataObject>