﻿<?xml version="1.0" encoding="UTF-8"?>
<MetaDataObject xmlns="http://v8.1c.ru/8.3/MDClasses" xmlns:app="http://v8.1c.ru/8.2/managed-application/core" xmlns:cfg="http://v8.1c.ru/8.1/data/enterprise/current-config" xmlns:cmi="http://v8.1c.ru/8.2/managed-application/cmi" xmlns:ent="http://v8.1c.ru/8.1/data/enterprise" xmlns:lf="http://v8.1c.ru/8.2/managed-application/logform" xmlns:style="http://v8.1c.ru/8.1/data/ui/style" xmlns:sys="http://v8.1c.ru/8.1/data/ui/fonts/system" xmlns:v8="http://v8.1c.ru/8.1/data/core" xmlns:v8ui="http://v8.1c.ru/8.1/data/ui" xmlns:web="http://v8.1c.ru/8.1/data/ui/colors/web" xmlns:win="http://v8.1c.ru/8.1/data/ui/colors/windows" xmlns:xen="http://v8.1c.ru/8.3/xcf/enums" xmlns:xpr="http://v8.1c.ru/8.3/xcf/predef" xmlns:xr="http://v8.1c.ru/8.3/xcf/readable" xmlns:xs="http://www.w3.org/2001/XMLSchema" xmlns:xsi="http://www.w3.org/2001/XMLSchema-instance" version="2.8">
	<BusinessProcess uuid="6857b5bf-d21a-4479-9104-1f7c2f382afd">
		<InternalInfo>
			<xr:GeneratedType name="BusinessProcessObject.BusinessProcess2" category="Object">
				<xr:TypeId>f13ffeab-1fbb-41c9-8f2d-9f26cd62afb2</xr:TypeId>
				<xr:ValueId>56df0549-a36e-4697-82c2-0149f942026e</xr:ValueId>
			</xr:GeneratedType>
			<xr:GeneratedType name="BusinessProcessRef.BusinessProcess2" category="Ref">
				<xr:TypeId>f19465cc-99f1-40e1-aa76-f4b8ba981d69</xr:TypeId>
				<xr:ValueId>b3f63621-7a3c-4024-967b-7989b54971b5</xr:ValueId>
			</xr:GeneratedType>
			<xr:GeneratedType name="BusinessProcessSelection.BusinessProcess2" category="Selection">
				<xr:TypeId>a95c8a75-e4d2-4c9c-984e-a65ff8cbd85d</xr:TypeId>
				<xr:ValueId>327bc6a2-5a2f-4ec8-b740-7a9eb9354180</xr:ValueId>
			</xr:GeneratedType>
			<xr:GeneratedType name="BusinessProcessList.BusinessProcess2" category="List">
				<xr:TypeId>dec58ee8-b717-444c-9472-7d4dd83ab12e</xr:TypeId>
				<xr:ValueId>37fa0c63-cbfa-4eed-8e31-225b31092e01</xr:ValueId>
			</xr:GeneratedType>
			<xr:GeneratedType name="BusinessProcessManager.BusinessProcess2" category="Manager">
				<xr:TypeId>915a8864-8fb6-4a8e-8ab3-523f659eb999</xr:TypeId>
				<xr:ValueId>f1ee2524-45d6-4539-864a-502726318864</xr:ValueId>
			</xr:GeneratedType>
			<xr:GeneratedType name="BusinessProcessRoutePointRef.BusinessProcess2" category="RoutePointRef">
				<xr:TypeId>0c2b9fcb-a4bd-4f06-83ed-1ed46c0c7d16</xr:TypeId>
				<xr:ValueId>774ead40-a22c-4939-8492-b0eefdee8f70</xr:ValueId>
			</xr:GeneratedType>
		</InternalInfo>
		<Properties>
			<Name>BusinessProcess2</Name>
			<Synonym/>
			<Comment/>
			<UseStandardCommands>true</UseStandardCommands>
			<EditType>InDialog</EditType>
			<InputByString>
				<xr:Field>BusinessProcess.BusinessProcess2.StandardAttribute.Number</xr:Field>
			</InputByString>
			<CreateOnInput>DontUse</CreateOnInput>
			<SearchStringModeOnInputByString>Begin</SearchStringModeOnInputByString>
			<ChoiceDataGetModeOnInputByString>Directly</ChoiceDataGetModeOnInputByString>
			<FullTextSearchOnInputByString>DontUse</FullTextSearchOnInputByString>
			<DefaultObjectForm/>
			<DefaultListForm/>
			<DefaultChoiceForm/>
			<AuxiliaryObjectForm/>
			<AuxiliaryListForm/>
			<AuxiliaryChoiceForm/>
			<ChoiceHistoryOnInput>Auto</ChoiceHistoryOnInput>
			<NumberType>String</NumberType>
			<NumberLength>9</NumberLength>
			<NumberAllowedLength>Variable</NumberAllowedLength>
			<CheckUnique>true</CheckUnique>
			<Characteristics/>
			<Autonumbering>true</Autonumbering>
			<BasedOn/>
			<NumberPeriodicity>Nonperiodical</NumberPeriodicity>
			<Task>Task.Task5</Task>
			<CreateTaskInPrivilegedMode>true</CreateTaskInPrivilegedMode>
			<DataLockFields/>
			<DataLockControlMode>Managed</DataLockControlMode>
			<IncludeHelpInContents>false</IncludeHelpInContents>
			<FullTextSearch>Use</FullTextSearch>
			<ObjectPresentation/>
			<ExtendedObjectPresentation/>
			<ListPresentation/>
			<ExtendedListPresentation/>
			<Explanation/>
			<DataHistory>DontUse</DataHistory>
		</Properties>
		<ChildObjects/>
	</BusinessProcess>
</MetaDataObject>