﻿<?xml version="1.0" encoding="UTF-8"?>
<MetaDataObject xmlns="http://v8.1c.ru/8.3/MDClasses" xmlns:app="http://v8.1c.ru/8.2/managed-application/core" xmlns:cfg="http://v8.1c.ru/8.1/data/enterprise/current-config" xmlns:cmi="http://v8.1c.ru/8.2/managed-application/cmi" xmlns:ent="http://v8.1c.ru/8.1/data/enterprise" xmlns:lf="http://v8.1c.ru/8.2/managed-application/logform" xmlns:style="http://v8.1c.ru/8.1/data/ui/style" xmlns:sys="http://v8.1c.ru/8.1/data/ui/fonts/system" xmlns:v8="http://v8.1c.ru/8.1/data/core" xmlns:v8ui="http://v8.1c.ru/8.1/data/ui" xmlns:web="http://v8.1c.ru/8.1/data/ui/colors/web" xmlns:win="http://v8.1c.ru/8.1/data/ui/colors/windows" xmlns:xen="http://v8.1c.ru/8.3/xcf/enums" xmlns:xpr="http://v8.1c.ru/8.3/xcf/predef" xmlns:xr="http://v8.1c.ru/8.3/xcf/readable" xmlns:xs="http://www.w3.org/2001/XMLSchema" xmlns:xsi="http://www.w3.org/2001/XMLSchema-instance" version="2.8">
	<ChartOfCharacteristicTypes uuid="1bf588f2-3a9b-45a2-8280-5c901865f1da">
		<InternalInfo>
			<xr:GeneratedType name="ChartOfCharacteristicTypesObject.EnterDates" category="Object">
				<xr:TypeId>b2a74ed7-3c02-4fd2-9531-1e06c313f722</xr:TypeId>
				<xr:ValueId>5c684402-f1c5-4f92-a9e3-d2c6b79f14c4</xr:ValueId>
			</xr:GeneratedType>
			<xr:GeneratedType name="ChartOfCharacteristicTypesRef.EnterDates" category="Ref">
				<xr:TypeId>bc95d1b3-301d-4029-a6df-30f17ec6e502</xr:TypeId>
				<xr:ValueId>a29b1d2f-ed38-4d83-97cc-694beac7b500</xr:ValueId>
			</xr:GeneratedType>
			<xr:GeneratedType name="ChartOfCharacteristicTypesSelection.EnterDates" category="Selection">
				<xr:TypeId>600e4d6d-63e1-4d85-8ec4-3463dea37930</xr:TypeId>
				<xr:ValueId>8c5eaab7-6350-4b2c-81f5-09753d17b3b3</xr:ValueId>
			</xr:GeneratedType>
			<xr:GeneratedType name="ChartOfCharacteristicTypesList.EnterDates" category="List">
				<xr:TypeId>6aed56d6-721d-4e08-9787-4a2126ec3c7a</xr:TypeId>
				<xr:ValueId>be9cb3ee-11d9-4bf4-84bf-746f2cb2bc0d</xr:ValueId>
			</xr:GeneratedType>
			<xr:GeneratedType name="Characteristic.EnterDates" category="Characteristic">
				<xr:TypeId>bf32065d-63b4-4cbe-9cb7-3164af8b4c50</xr:TypeId>
				<xr:ValueId>6fac00c9-ee16-439f-ad53-1e57ebdb56df</xr:ValueId>
			</xr:GeneratedType>
			<xr:GeneratedType name="ChartOfCharacteristicTypesManager.EnterDates" category="Manager">
				<xr:TypeId>b55c6cc9-9e66-47d9-8e65-65c1d80ba18d</xr:TypeId>
				<xr:ValueId>b9b4c610-88b2-44ea-983d-e5de8cdf7376</xr:ValueId>
			</xr:GeneratedType>
		</InternalInfo>
		<Properties>
			<Name>EnterDates</Name>
			<Synonym>
				<v8:item>
					<v8:lang>en</v8:lang>
					<v8:content>Enter dates</v8:content>
				</v8:item>
			</Synonym>
			<Comment/>
			<UseStandardCommands>true</UseStandardCommands>
			<IncludeHelpInContents>false</IncludeHelpInContents>
			<CharacteristicExtValues/>
			<Type>
				<v8:Type>xs:string</v8:Type>
				<v8:StringQualifiers>
					<v8:Length>10</v8:Length>
					<v8:AllowedLength>Variable</v8:AllowedLength>
				</v8:StringQualifiers>
			</Type>
			<Hierarchical>false</Hierarchical>
			<FoldersOnTop>true</FoldersOnTop>
			<CodeLength>9</CodeLength>
			<CodeAllowedLength>Variable</CodeAllowedLength>
			<DescriptionLength>25</DescriptionLength>
			<CodeSeries>WholeCharacteristicKind</CodeSeries>
			<CheckUnique>true</CheckUnique>
			<Autonumbering>true</Autonumbering>
			<DefaultPresentation>AsDescription</DefaultPresentation>
			<Characteristics/>
			<PredefinedDataUpdate>Auto</PredefinedDataUpdate>
			<EditType>InDialog</EditType>
			<QuickChoice>false</QuickChoice>
			<ChoiceMode>BothWays</ChoiceMode>
			<InputByString>
				<xr:Field>ChartOfCharacteristicTypes.EnterDates.StandardAttribute.Description</xr:Field>
				<xr:Field>ChartOfCharacteristicTypes.EnterDates.StandardAttribute.Code</xr:Field>
			</InputByString>
			<CreateOnInput>DontUse</CreateOnInput>
			<SearchStringModeOnInputByString>Begin</SearchStringModeOnInputByString>
			<ChoiceDataGetModeOnInputByString>Directly</ChoiceDataGetModeOnInputByString>
			<FullTextSearchOnInputByString>DontUse</FullTextSearchOnInputByString>
			<ChoiceHistoryOnInput>Auto</ChoiceHistoryOnInput>
			<DefaultObjectForm/>
			<DefaultFolderForm/>
			<DefaultListForm/>
			<DefaultChoiceForm/>
			<DefaultFolderChoiceForm/>
			<AuxiliaryObjectForm/>
			<AuxiliaryFolderForm/>
			<AuxiliaryListForm/>
			<AuxiliaryChoiceForm/>
			<AuxiliaryFolderChoiceForm/>
			<BasedOn/>
			<DataLockFields/>
			<DataLockControlMode>Managed</DataLockControlMode>
			<FullTextSearch>Use</FullTextSearch>
			<ObjectPresentation/>
			<ExtendedObjectPresentation/>
			<ListPresentation/>
			<ExtendedListPresentation/>
			<Explanation/>
			<DataHistory>DontUse</DataHistory>
		</Properties>
		<ChildObjects/>
	</ChartOfCharacteristicTypes>
</MetaDataObject>