﻿<?xml version="1.0" encoding="UTF-8"?>
<MetaDataObject xmlns="http://v8.1c.ru/8.3/MDClasses" xmlns:app="http://v8.1c.ru/8.2/managed-application/core" xmlns:cfg="http://v8.1c.ru/8.1/data/enterprise/current-config" xmlns:cmi="http://v8.1c.ru/8.2/managed-application/cmi" xmlns:ent="http://v8.1c.ru/8.1/data/enterprise" xmlns:lf="http://v8.1c.ru/8.2/managed-application/logform" xmlns:style="http://v8.1c.ru/8.1/data/ui/style" xmlns:sys="http://v8.1c.ru/8.1/data/ui/fonts/system" xmlns:v8="http://v8.1c.ru/8.1/data/core" xmlns:v8ui="http://v8.1c.ru/8.1/data/ui" xmlns:web="http://v8.1c.ru/8.1/data/ui/colors/web" xmlns:win="http://v8.1c.ru/8.1/data/ui/colors/windows" xmlns:xen="http://v8.1c.ru/8.3/xcf/enums" xmlns:xpr="http://v8.1c.ru/8.3/xcf/predef" xmlns:xr="http://v8.1c.ru/8.3/xcf/readable" xmlns:xs="http://www.w3.org/2001/XMLSchema" xmlns:xsi="http://www.w3.org/2001/XMLSchema-instance" version="2.8">
	<Configuration uuid="0f1d8a27-c5e5-432e-b564-8f1a037af2b1">
		<InternalInfo>
			<xr:ContainedObject>
				<xr:ClassId>9cd510cd-abfc-11d4-9434-004095e12fc7</xr:ClassId>
				<xr:ObjectId>4452f521-0f61-410b-91bb-877117aee3c6</xr:ObjectId>
			</xr:ContainedObject>
			<xr:ContainedObject>
				<xr:ClassId>9fcd25a0-4822-11d4-9414-008048da11f9</xr:ClassId>
				<xr:ObjectId>e0314144-14b4-40c5-84a1-1a4cb17a4412</xr:ObjectId>
			</xr:ContainedObject>
			<xr:ContainedObject>
				<xr:ClassId>e3687481-0a87-462c-a166-9f34594f9bba</xr:ClassId>
				<xr:ObjectId>03e0c676-c618-4afd-b793-967c1e0d2e13</xr:ObjectId>
			</xr:ContainedObject>
			<xr:ContainedObject>
				<xr:ClassId>9de14907-ec23-4a07-96f0-85521cb6b53b</xr:ClassId>
				<xr:ObjectId>93affb30-a4d1-442b-ab97-f6bbcebf2c0d</xr:ObjectId>
			</xr:ContainedObject>
			<xr:ContainedObject>
				<xr:ClassId>51f2d5d8-ea4d-4064-8892-82951750031e</xr:ClassId>
				<xr:ObjectId>a959c12a-29de-44a7-a040-b300656222cc</xr:ObjectId>
			</xr:ContainedObject>
			<xr:ContainedObject>
				<xr:ClassId>e68182ea-4237-4383-967f-90c1e3370bc7</xr:ClassId>
				<xr:ObjectId>eb6cd79f-c7a7-4b77-9681-2e7b773d37a7</xr:ObjectId>
			</xr:ContainedObject>
		</InternalInfo>
		<Properties>
			<Name>Configuration</Name>
			<Synonym/>
			<Comment/>
			<NamePrefix/>
			<ConfigurationExtensionCompatibilityMode>Version8_3_14</ConfigurationExtensionCompatibilityMode>
			<DefaultRunMode>ManagedApplication</DefaultRunMode>
			<UsePurposes>
				<v8:Value xsi:type="app:ApplicationUsePurpose">PlatformApplication</v8:Value>
			</UsePurposes>
			<ScriptVariant>English</ScriptVariant>
			<DefaultRoles/>
			<Vendor/>
			<Version/>
			<UpdateCatalogAddress/>
			<IncludeHelpInContents>false</IncludeHelpInContents>
			<UseManagedFormInOrdinaryApplication>false</UseManagedFormInOrdinaryApplication>
			<UseOrdinaryFormInManagedApplication>false</UseOrdinaryFormInManagedApplication>
			<AdditionalFullTextSearchDictionaries/>
			<CommonSettingsStorage/>
			<ReportsUserSettingsStorage/>
			<ReportsVariantsStorage/>
			<FormDataSettingsStorage/>
			<DynamicListsUserSettingsStorage/>
			<Content/>
			<DefaultReportForm/>
			<DefaultReportVariantForm/>
			<DefaultReportSettingsForm/>
			<DefaultDynamicListSettingsForm/>
			<DefaultSearchForm/>
			<DefaultDataHistoryChangeHistoryForm/>
			<DefaultDataHistoryVersionDataForm/>
			<DefaultDataHistoryVersionDifferencesForm/>
			<RequiredMobileApplicationPermissions>
				<v8:pair>
					<v8:Key xsi:type="app:RequiredMobileApplicationPermissions">Multimedia</v8:Key>
					<v8:Value xsi:type="xs:boolean">false</v8:Value>
				</v8:pair>
				<v8:pair>
					<v8:Key xsi:type="app:RequiredMobileApplicationPermissions">Location</v8:Key>
					<v8:Value xsi:type="xs:boolean">false</v8:Value>
				</v8:pair>
				<v8:pair>
					<v8:Key xsi:type="app:RequiredMobileApplicationPermissions">Contacts</v8:Key>
					<v8:Value xsi:type="xs:boolean">false</v8:Value>
				</v8:pair>
				<v8:pair>
					<v8:Key xsi:type="app:RequiredMobileApplicationPermissions">Calendars</v8:Key>
					<v8:Value xsi:type="xs:boolean">false</v8:Value>
				</v8:pair>
				<v8:pair>
					<v8:Key xsi:type="app:RequiredMobileApplicationPermissions">Telephony</v8:Key>
					<v8:Value xsi:type="xs:boolean">false</v8:Value>
				</v8:pair>
				<v8:pair>
					<v8:Key xsi:type="app:RequiredMobileApplicationPermissions">PushNotification</v8:Key>
					<v8:Value xsi:type="xs:boolean">false</v8:Value>
				</v8:pair>
				<v8:pair>
					<v8:Key xsi:type="app:RequiredMobileApplicationPermissions">LocalNotification</v8:Key>
					<v8:Value xsi:type="xs:boolean">false</v8:Value>
				</v8:pair>
				<v8:pair>
					<v8:Key xsi:type="app:RequiredMobileApplicationPermissions">Print</v8:Key>
					<v8:Value xsi:type="xs:boolean">false</v8:Value>
				</v8:pair>
				<v8:pair>
					<v8:Key xsi:type="app:RequiredMobileApplicationPermissions">InAppPurchases</v8:Key>
					<v8:Value xsi:type="xs:boolean">false</v8:Value>
				</v8:pair>
				<v8:pair>
					<v8:Key xsi:type="app:RequiredMobileApplicationPermissions">Ads</v8:Key>
					<v8:Value xsi:type="xs:boolean">false</v8:Value>
				</v8:pair>
				<v8:pair>
					<v8:Key xsi:type="app:RequiredMobileApplicationPermissions">BackgroundLocation</v8:Key>
					<v8:Value xsi:type="xs:boolean">false</v8:Value>
				</v8:pair>
				<v8:pair>
					<v8:Key xsi:type="app:RequiredMobileApplicationPermissions">BackgroundAudioPlayback</v8:Key>
					<v8:Value xsi:type="xs:boolean">false</v8:Value>
				</v8:pair>
				<v8:pair>
					<v8:Key xsi:type="app:RequiredMobileApplicationPermissions">FileExchangeWithPersonalComputer</v8:Key>
					<v8:Value xsi:type="xs:boolean">false</v8:Value>
				</v8:pair>
			</RequiredMobileApplicationPermissions>
			<MainClientApplicationWindowMode>Normal</MainClientApplicationWindowMode>
			<DefaultInterface/>
			<DefaultStyle/>
			<DefaultLanguage>Language.English</DefaultLanguage>
			<BriefInformation/>
			<DetailedInformation/>
			<Copyright/>
			<VendorInformationAddress/>
			<ConfigurationInformationAddress/>
			<DataLockControlMode>Managed</DataLockControlMode>
			<ObjectAutonumerationMode>NotAutoFree</ObjectAutonumerationMode>
			<ModalityUseMode>DontUse</ModalityUseMode>
			<SynchronousPlatformExtensionAndAddInCallUseMode>DontUse</SynchronousPlatformExtensionAndAddInCallUseMode>
			<InterfaceCompatibilityMode>Taxi</InterfaceCompatibilityMode>
			<CompatibilityMode>Version8_3_13</CompatibilityMode>
			<DefaultConstantsForm/>
		</Properties>
		<ChildObjects>
			<Language>Russian</Language>
			<Language>English</Language>
			<Subsystem>Purchases</Subsystem>
			<Subsystem>Employees</Subsystem>
			<Subsystem>Administration</Subsystem>
			<SessionParameter>CurrentUser</SessionParameter>
			<SessionParameter>CurrentExchangeNode</SessionParameter>
			<Role>FullRights</Role>
			<Role>ViewOnly</Role>
			<CommonModule>Purchases</CommonModule>
			<CommonModule>CommonUse</CommonModule>
			<CommonAttribute>Comment</CommonAttribute>
			<CommonAttribute>DataSeparator</CommonAttribute>
			<ExchangePlan>Full</ExchangePlan>
			<EventSubscription>PurchasesOnCopy</EventSubscription>
			<EventSubscription>PurchasesOnWrite</EventSubscription>
			<ScheduledJob>ReportsSending</ScheduledJob>
			<ScheduledJob>ExportData</ScheduledJob>
			<Catalog>Vendors</Catalog>
			<Catalog>Products</Catalog>
			<Catalog>Employees</Catalog>
			<Document>ExpireDate</Document>
			<Document>AdditionalResourses</Document>
			<Document>VendorInvoice</Document>
			<DocumentJournal>MainJournal</DocumentJournal>
			<Enum>ProductKinds</Enum>
			<Enum>OperationKinds</Enum>
			<Report>Purchases</Report>
			<Report>Payments</Report>
			<DataProcessor>InitialSettings</DataProcessor>
			<ChartOfCharacteristicTypes>Attributes</ChartOfCharacteristicTypes>
			<ChartOfCharacteristicTypes>EnterDates</ChartOfCharacteristicTypes>
			<BusinessProcess>BusinessProcess2</BusinessProcess>
			<BusinessProcess>BusinessProcess1</BusinessProcess>
			<Task>Task5</Task>
			<Task>Task1</Task>
		</ChildObjects>
	</Configuration>
</MetaDataObject>